Region,Agriculture employment (%),Rural non-agriculture (%),Urban population (%)
Africa,17.49185232475503,39.65309870688489,42.85504896836008
Americas,4.265728889282298,14.443358972998865,81.29091213771883
Asia,13.941607144062687,36.273042423325336,49.78535043261198
Europe,2.6137443770175897,22.68568656851287,74.70056905446954
Oceania,4.489018842472156,28.532598881045324,66.97838227648252
Global,12.139370678008296,32.63998277847086,55.22064654352084
