Region,employment_in_agri_pct,agriculture_share_gdp_pct,rural_population_pct,gap_employment_minus_gdp_pp,employment_to_gdp_ratio
Africa,17.49185232475503,15.281349837035371,57.14495103163992,2.2105024877196584,1.144653614457694
Americas,4.265728889282298,1.8050511246836765,18.709087862281162,2.4606777645986213,2.3632177676019226
Asia,13.941607144062687,7.196785986211581,50.21464956738802,6.7448211578511055,1.9371990734160498
Europe,2.6137443770175897,1.7255987978396266,25.29943094553046,0.8881455791779631,1.5146883390796761
Oceania,4.489018842472156,3.0448938192689305,33.02161772351748,1.4441250232032252,1.4742776296711573
Global,12.139370678008296,4.074870343826517,44.77935345647916,8.06450033418178,2.9790814562724934
