Region,Employment in agriculture (%),Agriculture share of GDP (%)
Africa,17.49185232475503,15.281349837035371
Americas,4.265728889282298,1.8050511246836765
Asia,13.941607144062687,7.196785986211581
Europe,2.6137443770175897,1.7255987978396266
Oceania,4.489018842472156,3.0448938192689305
Global,12.139370678008296,4.074870343826517
