Region,rural_population_pct,employment_in_agri_pct,agriculture_share_gdp_pct
Africa,57.14495103163992,17.49185232475503,15.281349837035371
Americas,18.709087862281162,4.265728889282298,1.8050511246836765
Asia,50.21464956738802,13.941607144062687,7.196785986211581
Europe,25.29943094553046,2.6137443770175897,1.7255987978396266
Oceania,33.02161772351748,4.489018842472156,3.0448938192689305
Global,44.77935345647916,12.139370678008296,4.074870343826517
